text,label
Ad sales boost Time Warner profit,0
Dollar gains on Greenspan speech,0
Yukos unit buyer faces loan claim,0
High fuel prices hit BA's profits,0
Pernod takeover talk lifts Domecq,0
Japan narrowly escapes recession,0
Jobs growth still slow in the US,0
India calls for fair trade rules,0
Ethiopia's crop production up 24%,0
Court rejects $280bn tobacco case,0
Ask Jeeves tips online ad revival,0
Indonesians face fuel price rise,0
Peugeot deal boosts Mitsubishi,0
Telegraph newspapers axe 90 jobs,0
Air passengers win new EU rights,0
China keeps tight rein on credit,0
Parmalat boasts doubled profits,0
India's rupee hits five-year high,0
India widens access to telecoms,0
Call centre users 'lose patience',0
Rank 'set to sell off film unit',0
Sluggish economy hits German jobs,0
Mixed signals from French economy,0
US trade gap hits record in 2004,0
Yukos loses US bankruptcy battle,0
Safety alert as GM recalls cars,0
"Steel firm 'to cut' 45,000 jobs",0
Strong demand triggers oil rally,0
UK firm faces Venezuelan land row,0
Soaring oil 'hits world economy',0
Irish markets reach all-time high,0
Japanese banking battle at an end,0
Rich grab half Colombia poor fund,0
"Rover deal 'may cost 2,000 jobs'",0
Ad firm WPP's profits surge 15%,0
US gives foreign firms extra time,0
Japanese mogul arrested for fraud,0
Deutsche Telekom sees mobile gain,0
Chinese wine tempts Italy's Illva,0
Umbro profits lifted by Euro 2004,0
Fed chief warning on US deficit,0
UK Coal plunges into deeper loss,0
Saudi ministry to employ women,0
Japan economy slides to recession,0
US crude prices surge above $53,0
Industrial output falls in Japan,0
Ryanair in $4bn Boeing plane deal,0
Parmalat to return to stockmarket,0
BMW cash to fuel Mini production,0
Bad weather hits Nestle sales,0
Fiat mulls Ferrari market listing,0
Italy to get economic action plan,0
Weak dollar hits Reuters,0
Hyundai to build new India plant,0
SA unveils 'more for all' budget,0
BMW drives record sales in Asia,0
Economy 'stronger than forecast',0
Electrolux to export Europe jobs,0
Worldcom ex-boss launches defence,0
Insurance bosses plead guilty,0
Further rise in UK jobless total,0
Wembley firm won't make a profit,0
Cars pull down US retail figures,0
Lufthansa may sue over Bush visit,0
EU aiming to fuel development aid,0
German business confidence slides,0
FAO warns on impact of subsidies,0
India seeks to boost construction,0
Boeing unveils new 777 aircraft,0
Circuit City gets takeover offer,0
Japan turns to beer alternatives,0
S Korean consumers spending again,0
German growth goes into reverse,0
Turkey-Iran mobile deal 'at risk',0
EU ministers to mull jet fuel tax,0
Palestinian economy in decline,0
China had role in Yukos split-up,0
Deadline nears for Fiat-GM deal,0
ID theft surge hits US consumers,0
"Argentina, Venezuela in oil deal",0
BMW to recall faulty diesel cars,0
Takeover rumour lifts Exel shares,0
Yukos accused of lying to court,0
Mexican in US send $16bn home,0
Home loan approvals rising again,0
Manufacturing recovery 'slowing',0
Worldcom boss 'left books alone',0
Metlife buys up Citigroup insurer,0
Europe blames US over weak dollar,0
French wine gets 70m euro top-up,0
Russia gets investment blessing,0
Iranian MPs threaten mobile deal,0
Argentina closes $102.6bn debt swap,0
US economy shows solid GDP growth,0
Profits slide at India's Dr Reddy,0
Burren awarded Egyptian contracts,0
'Strong dollar' call halts slide,0
IMF 'cuts' German growth estimate,0
"GM, Ford cut output as sales fall",0
Ebbers denies WorldCom fraud,0
Australia rates at four year high,0
US company admits Benin bribery,0
"US insurer Marsh cuts 2,500 jobs",0
US seeks new $280bn smoker ruling,0
Budget Aston takes on Porsche,0
Golden rule 'intact' says ex-aide,0
Liberian economy starts to grow,0
Slowdown hits US factory growth,0
Lufthansa flies back to profit,0
Japanese growth grinds to a halt,0
Unilever shake up as profit slips,0
France Telecom gets Orange boost,0
Brussels raps mobile call charges,0
WorldCom director admits lying,0
Glaxo aims high after profit fall,0
Japan bank shares up on link talk,0
Car giant hit by Mercedes slump,0
Ericsson sees earnings improve,0
Bank opts to leave rates on hold,0
Nigeria to boost cocoa production,0
US interest rates increased to 2%,0
US bank in $515m SEC settlement,0
Train strike grips Buenos Aires,0
Bargain calls widen Softbank loss,0
WMC profits up amid bid criticism,0
Barclays profits hit record level,0
Yukos owner sues Russia for $28bn,0
Qantas sees profits fly to record,0
Iraq to invite phone licence bids,0
Aviation firms eye booming India,0
Russian oil merger excludes Yukos,0
Brazil buy boosts Belgium's Inbev,0
Salary scandal in Cameroon,0
US adds more jobs than expected,0
Feta cheese battle reaches court,0
Ukraine revisits state sell-offs,0
Bank set to leave rates on hold,0
Winter freeze keeps oil above $50,0
German jobless rate at new record,0
Ore costs hit global steel firms,0
BMW reveals new models pipeline,0
Asian banks halt dollar's slide,0
Weak dollar trims Cadbury profits,0
Oil prices fall back from highs,0
Winn-Dixie files for bankruptcy,0
Why few targets are better than many,0
Malaysia lifts Islamic bank limit,0
Alfa Romeos 'to get GM engines',0
Saab to build Cadillacs in Sweden,0
Shares hit by MS drug suspension,0
Bank voted 8-1 for no rate change,0
Crude oil prices back above $50,0
House prices show slight increase,0
Golden rule boost for Chancellor,0
Macy's owner buys rival for $11bn,0
Industrial revival hope for Japan,0
Khodorkovsky ally denies charges,0
Qatar and Shell in $6bn gas deal,0
India unveils anti-poverty budget,0
GM pays $2bn to evade Fiat buyout,0
Ex-Boeing director gets jail term,0
Verizon 'seals takeover of MCI',0
US data sparks inflation worries,0
Yukos sues four firms for $20bn,0
Consumer spending lifts US growth,0
Crossrail link 'to get go-ahead',0
Hariri killing hits Beirut shares,0
Small firms 'hit by rising costs',0
Buyers snap up Jet Airways' shares,0
House prices suffer festive fall,0
Deutsche Boerse boosts dividend,0
Newest EU members underpin growth,0
Brewers' profits lose their fizz,0
Yangtze Electric's profits double,0
French consumer spending rising,0
GSK aims to stop Aids profiteers,0
Optimism remains over UK housing,0
Russia WTO talks 'make progress',0
Irish duo could block Man Utd bid,0
Dollar drops on reserves concerns,0
India and Russia in energy talks,0
Weak data buffets French economy,0
Business fears over sluggish EU economy,0
M&S cuts prices by average of 24%,0
US bank 'loses' customer details,0
Huge rush for Jet Airways shares,0
Bank payout to Pinochet victims,0
Qwest may spark MCI bidding war,0
Fiat chief takes steering wheel,0
Consumers drive French economy,0
US regulator to rule on pain drug,0
Yukos bankruptcy 'not US matter',0
Borussia Dortmund near bust,0
'Post-Christmas lull' in lending,0
UK 'risks breaking golden rule',0
Worldcom director ends evidence,0
Ukraine steel sell-off 'illegal',0
Cairn shares up on new oil find,0
Georgia plans hidden asset pardon,0
Cuba winds back economic clock,0
Novartis hits acquisition trail,0
MCI shareholder sues to stop bid,0
'Standoff' on Deutsche's LSE bid,0
Bush to outline 'toughest' budget,0
Orange colour clash set for court,0
Standard Life cuts policy bonuses,0
EMI shares hit by profit warning,0
China's Shanda buys stake in Sina,0
Mixed reaction to Man Utd offer,0
Gold falls on IMF sale concerns,0
Electronics firms eye plasma deal,0
MG Rover China tie-up 'delayed',0
US bank boss hails 'genius' Smith,0
Economy 'strong' in election year,0
SEC to rethink post-Enron rules,0
Nissan names successor to Ghosn,0
Ukraine trims privatisation check,0
Absa and Barclays talks continue,0
Rescue hope for Borussia Dortmund,0
Standard Life concern at LSE bid,0
BP surges ahead on high oil price,0
Oil companies get Russian setback,0
Gaming firm to sell UK dog tracks,0
Man Utd to open books to Glazer,0
Sales 'fail to boost High Street',0
McDonald's to sponsor MTV show,0
Call to save manufacturing jobs,0
Tsunami 'to hit Sri Lanka banks',0
Shares rise on new Man Utd offer,0
Yukos drops banks from court bid,0
Venezuela reviews foreign deals,0
Lloyd's of London head chides FSA,0
Bat spit drug firm goes to market,0
Vodafone appoints new Japan boss,0
Pension hitch for long-living men,0
Card fraudsters 'targeting web',0
Britannia members' £42m windfall,0
Firms pump billions into pensions,0
UK homes hit £3.3 trillion total,0
Economy 'strong' in election year,0
G7 backs Africa debt relief plan,0
Q&A: Malcolm Glazer and Man Utd,0
Making your office work for you,0
Market unfazed by Aurora setback,0
The 'ticking budget' facing the US,0
Ebbers 'aware' of WorldCom fraud,0
Renault boss hails 'great year',0
Survey confirms property slowdown,0
Bush budget seeks deep cutbacks,0
Profits stall at China's Lenovo,0
MCI shares climb on takeover bid,0
BT offers equal access to rivals,0
Jobs growth still slow in the US,0
News Corp eyes video games market,0
Call to overhaul UK state pension,0
Singapore growth at 8.1% in 2004,0
Turkey knocks six zeros off lira,0
S Korea spending boost to economy,0
Latin America sees strong growth,0
Asia shares defy post-quake gloom,0
Booming markets shed few tears,0
Asian quake hits European shares,0
Split-caps pay £194m compensation,0
French suitor holds LSE meeting,0
Troubled Marsh under SEC scrutiny,0
Could Yukos be a blessing in disguise?,0
Nasdaq planning $100m share sale,0
Giving financial gifts to children,0
Air China in $1bn London listing,0
Oil prices reach three-month low,0
Arsenal 'may seek full share listing',0
Markets signal Brazilian recovery,0
Markets fall on weak dollar fears,0
Google shares fall as staff sell,0
Five million Germans out of work,0
India power shares jump on debut,0
Turkey turns on the economic charm,0
SBC plans post-takeover job cuts,0
German bidder in talks with LSE,0
Amex shares up on spin-off news,0
Axa Sun Life cuts bonus payments,0
Chinese dam firm 'defies Beijing',0
Stock market eyes Japan recovery,0
Iraqi voters turn to economic issues,0
EU 'too slow' on economic reforms,0
China continues breakneck growth,0
Japan's ageing workforce: built to last,0
GE sees 'excellent' world economy,0
UK economy facing 'major risks',0
Bank holds interest rate at 4.75%,0
Tobacco giants hail court ruling,0
Steady job growth continues in US,0
Glazer makes new Man Utd approach,0
Wall Street cheers Bush victory,0
Business confidence dips in Japan,0
Millions 'to lose textile jobs',0
"Dutch bank to lay off 2,850 staff",0
Fannie Mae 'should restate books',0
US to rule on Yukos refuge call,0
J&J agrees $25bn Guidant deal,0
Libya takes $1bn in unfrozen funds,0
Cactus diet deal for Phytopharm,0
Brazil plays down Varig rescue,0
Bombardier chief to leave company,0
Brazil approves bankruptcy reform,0
Retail sales show festive fervour,0
Cairn shares slump on oil setback,0
French boss to leave EADS,0
AstraZeneca hit by drug failure,0
Strong quarterly growth for Nike,0
Stormy year for property insurers,0
Parmalat sues 45 banks over crash,0
Irish company hit by Iraqi report,0
Yukos unit fetches $9bn at auction,0
S&N extends Indian beer venture,0
Euronext 'poised to make LSE bid',0
Christmas shoppers flock to tills,0
Mystery surrounds new Yukos owner,0
Euronext joins bid battle for LSE,0
Iraq and Afghanistan in WTO talks,0
Diageo to buy US wine firm,0
Tokyo says deflation 'controlled',0
No seasonal lift for house market,0
Yukos seeks court action on sale,0
Indy buys into India paper,0
Senior Fannie Mae bosses resign,0
Cannabis hopes for drug firm,0
Bush to get 'tough' on deficit,0
House prices drop as sales slow,0
Fresh hope after Argentine crisis,0
Disney settles disclosure charges,0
Putin backs state grab for Yukos,0
Troubled Marsh under SEC scrutiny,0
US firm pulls out of Iraq,0
Boeing secures giant Japan order,0
Banker loses sexism claim,0
Building giant in asbestos payout,0
Police detain Chinese milk bosses,0
India's Deccan seals $1.8bn deal,0
Venezuela and China sign oil deal,0
Jarvis sells Tube stake to Spain,0
Honda wins China copyright ruling,0
Air Jamaica back in state control,0
Battered dollar hits another low,0
Quake's economic costs emerging,0
Disaster claims 'less than $10bn',0
India-Pakistan peace boosts trade,0
US to probe airline travel chaos,0
S Korean lender faces liquidation,0
Dollar hits new low versus euro,0
Mild winter drives US oil down 6%,0
Share boost for feud-hit Reliance,0
Giant waves damage S Asia economy,0
Asia shares defy post-quake gloom,0
Israeli economy picking up pace,0
S Korea spending boost to economy,0
Soros group warns of Kazakh close,0
Deutsche attacks Yukos case,0
GM in crunch talks on Fiat future,0
Record year for Chilean copper,0
US consumer confidence up,0
Cash gives way to flexible friend,0
Go-ahead for Balkan oil pipeline,0
Durex maker SSL awaits firm bid,0
Nasdaq planning $100m-share sale,0
WMC says Xstrata bid is too low,0
Takeover offer for Sunderland FC,0
Warning over US pensions deficit,0
Beer giant swallows Russian firm,0
US manufacturing expands,0
Singapore growth at 8.1% in 2004,0
Madagascar completes currency switch,0
Quiksilver moves for Rossignol,0
Dollar hovers around record lows,0
S Korean credit card firm rescued,0
Dollar slides ahead of New Year,0
VW considers opening Indian plant,0
Ukraine strikes Turkmen gas deal,0
Reliance unit loses Anil Ambani,0
India opens skies to competition,0
Oil rebounds from weather effect,0
Ban on forced retirement under 65,0
Fed warns of more US rate rises,0
Weak end-of-year sales hit Next,0
Tate & Lyle boss bags top award,0
Krispy Kreme shares hit,0
Germany nears 1990 jobless level,0
Venezuela identifies 'idle' farms,0
Egypt to sell off state-owned bank,0
Wal-Mart to pay $14m in gun suit,0
Yukos heading back to US courts,0
Deutsche Boerse set to 'woo' LSE,0
Laura Ashley chief stepping down,0
US Airways staff agree to pay cut,0
Delta cuts fares in survival plan,0
Profits jump at China's top bank,0
Green reports shun supply chain,0
Tsunami to cost Sri Lanka $1.3bn,0
Indian oil firm eyes Yukos assets,0
Monsanto fined $1.5m for bribery,0
Marsh executive in guilty plea,0
US interest rate rise expected,0
WorldCom bosses' $54m payout,0
Continental 'may run out of cash',0
House prices rebound says Halifax,0
Mixed Christmas for US retailers,0
India's Deccan gets more planes,0
South African car demand surges,0
UK bank seals South Korean deal,0
DaimlerChrysler's 2004 sales rise,0
Tsunami cost hits Jakarta shares,0
Iran budget seeks state sell-offs,0
EC calls truce in deficit battle,0
Enron bosses in $168m payout,0
UK house prices dip in November,0
Steady job growth continues in US,0
Barclays shares up on merger talk,0
US firm 'bids for Lacroix label',0
$1m payoff for former Shell boss,0
India and Iran in gas export deal,0
LSE 'sets date for takeover deal',0
News Corp makes $5.4bn Fox offer,0
Israel looks to US for bank chief,0
EU-US seeking deal on air dispute,0
Nortel in $300m profit revision,0
Minister hits out at Yukos sale,0
Chinese exports rise 25% in 2004,0
Karachi stocks hit historic high,0
US trade gap ballooned in October,0
US prepares for hybrid onslaught,0
Mitsubishi in Peugeot link talks,0
BA to suspend two Saudi services,0
Cairn Energy in Indian gas find,0
Asia quake increases poverty risk,0
Fosters buys stake in winemaker,0
ECB holds rates amid growth fears,0
China bans new tobacco factories,0
UK interest rates held at 4.75%,0
German economy rebounds,0
US trade deficit widens sharply,0
Trade gap narrows as exports rise,0
Lesotho textile workers lose jobs,0
Kraft cuts snack ads for children,0
Khodorkovsky quits Yukos shares,0
Executive trio leave Aer Lingus,0
US in EU tariff chaos trade row,0
News Corp eyes video games market,0
US Ahold suppliers face charges,0
Wal-Mart fights back at accusers,0
US retail sales surge in December,0
Winemaker rejects Foster's offer,0
McDonald's boss Bell dies aged 44,0
US industrial output growth eases,0
LSE doubts boost bidders' shares,0
Qantas considers offshore option,0
Gazprom 'in $36m back-tax claim',0
Germany calls for EU reform,0
Parmalat founder offers apology,0
'Golden economic period' to end,0
Jobs go at Oracle after takeover,0
Beijingers fume over parking fees,0
GM issues 2005 profits warning,0
US economy still growing says Fed,0
Wall Street cool to eBay's profit,0
WorldCom trial starts in New York,0
High fuel costs hit US airlines,0
European losses hit GM's profits,0
EU to probe Alitalia 'state aid',0
IMF agrees fresh Turkey funding,0
Saudi investor picks up the Savoy,0
Tsunami slows Sri Lanka's growth,0
China suspends 26 power projects,0
Two Nigerian banks set to merge,0
Virgin Blue shares plummet 20%,0
Watchdog probes Vivendi bond sale,0
Saudi NCCI's shares soar,0
JP Morgan admits US slavery links,0
Egypt and Israel seal trade deal,0
Ford gains from finance not cars,0
Wipro beats forecasts once again,0
Christmas sales worst since 1981,0
Businesses fail to plan for HIV,0
Ailing EuroDisney vows turnaround,0
UK young top Euro earnings league,0
Swiss cement firm in buying spree,0
India's Reliance family feud heats up,0
World leaders gather to face uncertainty,0
US budget deficit to reach $368bn,0
Criminal probe on Citigroup deals,0
Brazil jobless rate hits new low,0
Indonesia 'declines debt freeze',0
Parmalat bank barred from suing,0
China continues rapid growth,0
SEC to rethink post-Enron rules,0
BBC poll indicates economic gloom,0
Europe asks Asia for euro help,0
FBI agent colludes with analyst,0
Millions go missing at China bank,0
China Aviation seeks rescue deal,0
Low-cost airlines hit Eurotunnel,0
Water firm Suez in Argentina row,0
Algeria hit by further gas riots,0
India's Maruti sees profits jump,0
Aids and climate top Davos agenda,0
China now top trader with Japan,0
Trial begins of Spain's top banker,0
UK economy ends year with spurt,0
HealthSouth ex-boss goes on trial,0
Euro firms miss out on optimism,0
Lacroix label bought by US firm,0
Gallery unveils interactive tree,1
Jarre joins fairytale celebration,1
Musical treatment for Capra film,1
Richard and Judy choose top books,1
Poppins musical gets flying start,1
Bennett play takes theatre prizes,1
Levy tipped for Whitbread prize,1
West End to honour finest shows,1
Da Vinci Code is 'lousy history',1
Uganda bans Vagina Monologues,1
Artists' secret postcards on sale,1
Neeson in bid to revive theatre,1
Levy takes Whitbread novel prize,1
Adventure tale tops awards,1
Mutant book wins Guardian prize,1
Arthur Hailey: King of the bestsellers,1
Spark heads world Booker list,1
Versace art portfolio up for sale,1
Slater to star in Broadway play,1
Public show for Reynolds portrait,1
Obituary: Dame Alicia Markova,1
Fears raised over ballet future,1
Famed music director Viotti dies,1
Paraguay novel wins US book prize,1
New Harry Potter tops book chart,1
UK's National Gallery in the pink,1
Lit Idol begins search for author,1
Potter director signs Warner deal,1
Baghdad Blogger on big screen,1
US critics laud comedy Sideways,1
Dirty Den's demise seen by 14m,1
Redford's vision of Sundance,1
DVD review: Harry Potter and the Prisoner of Azkaban,1
Vera Drake scoops film award,1
Hundreds vie for best film Oscar,1
Hanks greeted at wintry premiere,1
Film row over Pirates 'cannibals',1
Stars gear up for Bafta ceremony,1
Aviator 'creator' in Oscars snub,1
Wine comedy up for six film gongs,1
No ads for Passion Oscar campaign,1
Berlin honours S Korean director,1
Stars pay tribute to actor Davis,1
US actor Ossie Davis found dead,1
Jugnot 'tops French actor league',1
Howl helps boost Japan's cinemas,1
Berlin applauds Hotel Rwanda,1
'Landmark movies' of 2004 hailed,1
De Niro film leads US box office,1
Willis sues over movie 'injury',1
Foxx and Swank win US awards,1
Spike Lee backs student directors,1
Horror film heads US box office,1
Mumbai bombs movie postponed,1
"DVD review: I, Robot",1
Brando 'rejected Godfather role',1
Dutch watch Van Gogh's last film,1
Berlin hails European cinema,1
Sky takes over Oscar night mantle,1
Snicket tops US box office chart,1
Director Nair's Vanity project,1
Spirit awards hail Sideways,1
Tautou film tops Cesar prize nods,1
Hollywood ready for Oscars night,1
Animation charms Japan box office,1
US box office set for record high,1
Low-budget film wins Cesar,1
Tautou 'to star in Da Vinci film',1
Foxx and Swank take actors awards,1
Children vote Shrek 2 best film,1
UK debut for Kevin Spacey movie,1
Box office blow for Alexander,1
Ray DVD beats box office takings,1
Ocean's Twelve raids box office,1
Indie film nominations announced,1
Fockers fuel festive film chart,1
DVD review: Spider-Man 2,1
Baby becomes new Oscar favourite,1
Russian film wins BBC world prize,1
US TV cuts nudity from BBC film,1
Oscars race enters final furlong,1
Aviator 'creator' in Oscars snub,1
Cage film's third week at US top,1
Oscar nominees gear up for lunch,1
Church anger over Bollywood film,1
Bookmakers back Aviator for Oscar,1
Global release for Japan hit film,1
Ocean's Twelve raids box office,1
Oscar nominee Dan O'Herlihy dies,1
Berlin cheers for anti-Nazi film,1
Wine comedy wins critics' award,1
Actor Foxx sees Globe nominations,1
Godzilla gets Hollywood fame star,1
God cut from Dark Materials film,1
Aviator wins top Globes accolades,1
Singer's film to show at festival,1
Surprise win for anti-Bush film,1
Da Vinci film to star Tom Hanks,1
Controversial film tops festival,1
Fockers retain film chart crown,1
Sundance to honour foreign films,1
Day-Lewis set for Berlin honour,1
Downloads enter US singles chart,1
Glasgow hosts tsunami benefit gig,1
Pop band Busted to 'take a break',1
Streets have 'album of the year',1
Manics in charge of BBC 6 Music,1
Media seek Jackson 'juror' notes,1
Band Aid retains number one spot,1
Rap boss arrested over drug find,1
Elton plays Paris charity concert,1
Elvis set to top UK singles chart,1
Wal-Mart is sued over rude lyrics,1
Pete Doherty misses bail deadline,1
Rapper Snoop Dogg sued for 'rape',1
Legendary music studio to close,1
Rapper Jay-Z becomes label boss,1
REM concerts blighted by illness,1
Ring of Fire hit co-writer dies,1
'My memories of Marley...',1
Belle named 'best Scottish band',1
Dance music not dead says Fatboy,1
Label withdraws McFadden's video,1
Byrds producer Melcher dies at 62,1
Snow Patrol feted at Irish awards,1
Doves soar to UK album summit,1
Downloads enter US singles chart,1
Top gig award for Scissor Sisters,1
Brits return Keane to number one,1
Charity single for quake relief,1
Franz man seeks government help,1
Hard act to follow for OutKast,1
Sir Paul rocks Super Bowl crowds,1
Rock group Korn's guitarist quits,1
Vibe awards back despite violence,1
'Christmas song formula' unveiled,1
Glastonbury fans to get ID cards,1
Queen recruit singer for new tour,1
U2 to play at Grammy awards show,1
Rock band U2 break ticket record,1
Police praise 'courageous' Ozzy,1
New York rockers top talent poll,1
Blair buys copies of new Band Aid,1
Eminem beats Elvis to number one,1
Sir Paul rocks Super Bowl crowds,1
J-Lo and husband plan debut duet,1
Beastie Boys win sampling battle,1
Pupils to get anti-piracy lessons,1
Spector facing more legal action,1
Usher leads Billboard nominations,1
Eminem secret gig venue revealed,1
"Beatles suits sell for $110,000",1
OutKast win at MTV Europe Awards,1
Oasis star fined for German brawl,1
Disputed Nirvana box set on sale,1
Usher leads Soul Train shortlist,1
US charity anthem is re-released,1
Queen recruit singer for new tour,1
Band Aid 20 single storms to No 1,1
iTunes now selling Band Aid song,1
Court halts Mark Morrison album,1
Prince crowned 'top music earner',1
Early Elvis recordings go on sale,1
Parker's saxophone heads auction,1
Comic Morris returns with sitcom,1
TV station refuses adoption show,1
A-listers flock to Gervais sitcom,1
Campaigners attack MTV 'sleaze',1
US actor 'found with gun residue',1
EastEnders 'is set for US remake',1
US 'to raise TV indecency fines',1
Eurovision 'greats' to do battle,1
UK TV channel rapped for CSI ad,1
X Factor show gets second series,1
Alicia Keys to open US Super Bowl,1
'Comeback' show for Friends star,1
Hillbillies singer Scoggins dies,1
Branson show flops on US screens,1
Housewives lift Channel 4 ratings,1
McCririck out of Big Brother show,1
Chris Evans back on the market,1
Top stars join US tsunami TV show,1
Star Trek fans fight to save show,1
Top of the Pops leaves BBC One,1
Oscar host Rock to keep it clean,1
Johnny and Denise lose Passport,1
Double eviction from Big Brother,1
Celebrities get their skates on,1
Holmes wins '2004 top TV moment',1
Veteran comic Cyril Fletcher dies,1
Little Britain vies for TV trophy,1
Springer criticises Opera musical,1
CSI shows give 'unrealistic view',1
Ethnic producers 'face barriers',1
US TV special for tsunami relief,1
Gervais writing Simpsons episode,1
John Peel replacement show begins,1
Brookside actress Keaveney dies,1
&#163;1.8m indecency fine for Viacom,1
Celebrities get to stay in jungle,1
Triple triumph for Little Britain,1
BBC 'should allow more scrutiny',1
Greer attacks 'bully' Big Brother,1
No charges against TV's Cosby,1
Wife Swap makers sue US 'copycat',1
Show over for MTV's The Osbournes,1
Jungle TV show ratings drop by 4m,1
Duran Duran show set for US TV,1
US show sued for rat-eating stunt,1
Muslim group attacks TV drama 24,1
Brookside creator's Channel 4 bid,1
Little Britain two top comic list,1
TV show unites Angolan families,1
Volcano drama erupts on BBC One,1
South Bank Awards honour hit soap,1
Housewives lift Channel 4 ratings,1
Baywatch dubbed 'worst TV import',1
Stern dropped from radio stations,1
US TV host Clark suffers stroke,1
New media battle for Bafta awards,1
Bets off after Big Brother 'leak',1
School tribute for TV host Carson,1
Singer Ferguson 'facing eviction',1
Farrell due to make US TV debut,1
Stallone evicted from Big Brother,1
Fox 'too reliant on reality TV',1
George Michael to perform for BBC,1
Joy Division story to become film,1
New York rockers top talent poll,1
Aaliyah claim dismissed by court,1
Three DJs replace Peel radio show,1
Connick Jr to lead Broadway show,1
Elvis fans hold birthday bash,1
Elvis regains top chart position,1
Pop band Busted to 'take a break',1
Franz Ferdinand's art school lesson,1
Singer Knight backs anti-gun song,1
Portishead back after eight years,1
Fightstar take to the stage,1
Elvis 'set for chart hat-trick',1
Youssou N'Dour wins music prize,1
TOTP turns to Elvis impersonator,1
Blue beat U2 to top France honour,1
Ten-year tragedy of missing Manic,1
Mogul Wilson backing UK rap band,1
Singer Sizzla jailed for swearing,1
Spears seeks aborted tour payment,1
Deal to ban 'homophobic' reggae,1
Soul sensation ready for awards,1
Prince crowned 'top music earner',1
Brit awards for Devon music acts,1
Rock star sued by ex-girlfriend,1
Scissor Sisters triumph at Brits,1
Jamelia's return to the top,1
Cult band Kasabian surge forward,1
Brits debate over 'urban' music,1
Row threatens Hendrix museum plan,1
No jail for singer Courtney Love,1
Rapper Kanye West's shrewd soul,1
Singer Christina Aguilera to wed,1
Brits return Keane to number one,1
U2's desire to be number one,1
Lasting influence of legend Charles,1
Grammys honour soul star Charles,1
Abba reunite for musical premiere,1
Help for indies in download sales,1
T in the Park sells out in days,1
Black Sabbath top rock album poll,1
Michael film signals 'retirement',1
"Hendrix guitar fetches £100,000",1
German music in a 'zombie' state,1
Musical treatment for Capra film,1
Famed music director Viotti dies,1
TV presenter Deeley drops CD:UK,1
The Producers scoops stage awards,1
Rocker Doherty in on-stage fight,1
The Sound of Music is coming home,1
Download chart debut is delayed,1
Rapper films music video in jail,1
Music man to the Oscars,1
Church urges Nelly show boycott,1
Rap feud in 50 Cent's G-Unit crew,1
Prodigy join V Festival line-up,1
DJ double act revamp chart show,1
Rapper 50 Cent scores chart first,1
Goodrem wins top female MTV prize,1
REM announce new Glasgow concert,1
Rapper 50 Cent ends protege feud,1
Musicians to tackle US red tape,1
Angels 'favourite funeral song',1
U2 stars enter rock Hall of Fame,1
Tough schedule delays Elliot show,1
Singer Ian Brown 'in gig arrest',1
No UK premiere for Rings musical,1
Dame Julie pops in to see Poppins,1
Snow Patrol bassist exits group,1
Fockers keeps US box office lead,1
Spider-Man creator wins profits,1
Fry set for role in Hitchhiker's,1
Bollywood draws global stars,1
Hollywood hunts hits at Sundance,1
Actress Roberts takes spider role,1
Film production 'falls' 40% in UK,1
Fantasy book wins Hollywood deal,1
The comic book genius of Stan Lee,1
Bangkok film festival battles on,1
Carry On star Patsy Rowlands dies,1
Tautou 'to star in Da Vinci film',1
Double win for Sea Inside,1
BBC denies Blackadder TV comeback,1
Corbett attacks 'dumbed-down TV',1
Smith loses US box office crown,1
BBC to pour £9m into new comedy,1
How the Academy Awards flourished,1
Hoffman hits out over modern film,1
Johnny Depp: The acting outlaw,1
Patti Smith to host arts festival,1
Roxy Music on Isle of Wight bill,1
Music mogul Fuller sells company,1
Johnny Cash manager Holiff dies,1
UK 'world's biggest music buyer',1
Pixies take on Reading and Leeds,1
Vera Drake leads UK Oscar hopes,1
Moreno debut makes Oscar mark,1
Bening makes awards breakthrough,1
Oscars steer clear of controversy,1
Kidman wins photographer battle,1
Bookmakers back Aviator for Oscar,1
Van Gogh festival film withdrawn,1
Douglas set for Indian adventure,1
Russian film wins BBC world prize,1
Incredibles win animation awards,1
Actor Scott is new Bond favourite,1
Singer's film to show at festival,1
De Niro film leads US box office,1
Films on war triumph at Sundance,1
Career honour for actor DiCaprio,1
Howl helps boost Japan's cinemas,1
Keanu Reeves given Hollywood star,1
De Niro completes box office coup,1
Day-Lewis set for Berlin honour,1
US composer recreates Bach score,1
Applegate's Charity show closes,1
Ray Charles studio becomes museum,1
Britney attacks 'false tabloids',1
Abba queen enters music rich list,1
Casino Royale is next Bond movie,1
Berlin celebrates European cinema,1
India to deport Bollywood actress,1
Ray DVD beats box office takings,1
Women in film 'are earning less',1
Vera Drake's Bafta triumph hope,1
Roundabout continues nostalgia trip,1
Stars shine on Bafta red carpet,1
Bafta to hand out movie honours,1
Stars pay tribute to actor Davis,1
Aviator and Vera take Bafta glory,1
Film star Fox behind theatre bid,1
Shark Tale DVD is US best-seller,1
Lopez misses UK charity premiere,1
Super Size Me wins writers' award,1
Original Exorcist to be screened,1
Oscar nominees lack pulling power,1
Hitch holds on to US box office,1
Tarantino to direct CSI episode,1
Bollywood DVD fraudster is jailed,1
US 'afflicted' with awards fatigue,1
Critics back Aviator for Oscars,1
Briton wins short film Oscar,1
Sideways dominates Spirit awards,1
Arnold congratulated on Oscar win,1
Eastwood's Baby scoops top Oscars,1
British stars denied major Oscars,1
Lee to create new film superhero,1
Jackson film 'absolute disaster',1
France set for new Da Vinci novel,1
UK Directors Guild nominees named,1
Halloween writer Debra Hill dies,1
Tarantino 'to make Friday sequel',1
Boogeyman takes box office lead,1
Lost Doors frontman movie found,1
Last Star Wars 'not for children',1
French honour for director Parker,1
Robots march to US cinema summit,1
Hobbit picture 'four years away',1
Buffy creator joins Wonder Woman,1
Labour plans maternity pay rise,2
Watchdog probes e-mail deletions,2
Hewitt decries 'career sexism',2
Labour chooses Manchester,2
Brown ally rejects Budget spree,2
'Errors' doomed first Dome sale,2
Fox attacks Blair's Tory 'lies',2
Women MPs reveal sexist taunts,2
Campbell: E-mail row 'silly fuss',2
Crucial decision on super-casinos,2
Mrs Howard gets key election role,2
PM apology over jailings,2
Howard rebuts asylum criticisms,2
Blair rejects Tory terror offer,2
Talks held on Gibraltar's future,2
Crisis 'ahead in social sciences',2
Tsunami debt deal to be announced,2
Straw to attend Auschwitz service,2
Drink remark 'acts as diversion',2
Concerns at school diploma plan,2
Blair backs 'pre-election budget',2
"Nat Insurance to rise, say Tories",2
E-University 'disgraceful waste',2
Brown visits slum on Africa trip,2
UK 'needs true immigration data',2
Blair sets date for Africa report,2
Butler launches attack on Blair,2
Lib Dems demand new inquiry,2
UK set to cut back on embassies,2
Labour targets 'hardcore truants',2
Blunkett sorry over murder plan,2
Hunt demo at Labour meeting,2
Protesters plan airport challenge,2
Tories attack burglar 'U-turns',2
Leaders meet over Turkish EU bid,2
Choose hope over fear - Kennedy,2
Profile: David Miliband,2
Borders rail link campaign rally,2
'Hitler' row over Welsh arts cash,2
Lords wrong on detainees - Straw,2
Profile: David Blunkett,2
Strike threat over pension plans,2
Parties warned over 'grey vote',2
MPs quiz aides over royal income,2
Tory leader 'cleared' over work,2
Blair and Blunkett Sheffield trip,2
Student 'fee factor' played down,2
Anglers 'could face prosecution',2
Clarke to press on with ID cards,2
Scots smoking ban details set out,2
MPs criticise child access system,2
Nuclear strike 'key terror risk',2
Russian ex-spy on hunger strike,2
Lib Dems 'to target stamp duty',2
Kelly trails new discipline power,2
Citizenship event for 18s touted,2
England children's tsar appointed,2
EU China arms ban 'to be lifted',2
'Debate needed' on donations cap,2
Cardinal criticises Iraq war cost,2
Assembly ballot papers 'missing',2
Muslims discuss election concerns,2
Drive to 'save' festive holidays,2
Blair hails Turkey-EU talks deal,2
Guantanamo pair's passport ban,2
Commons hunt protest charges,2
Child access laws shake-up,2
MPs to debate 'euthanasia laws',2
Talks aim to avert pension strike,2
Opposition grows to house arrests,2
Visa decision 'every 11 minutes',2
'No more concessions' on terror,2
No to Royal succession shake-up,2
BNP leader Nick Griffin arrested,2
Boris opposes mayor apology,2
Report attacks defence spending,2
Brown names 16 March for Budget,2
Asylum children to face returns,2
'Fido' to be taken off vote lists,2
'More to do' on adult literacy,2
Tory backing for ID cards,2
Labour's 'EU propaganda',2
Hague 'given up' his PM ambition,2
Job cuts 'false economy'  - TUC,2
UK's 'useless' quangos under fire,2
Howard backs stem cell research,2
Howard unveils Tory asylum plans,2
Campaign 'cold calls' questioned,2
Tory leader quits legal position,2
MSPs hear renewed climate warning,2
Vouchers 'to cut winter deaths',2
New 'yob' targets to be unveiled,2
Kennedy calls for Iraq exit plans,2
McConnell in 'drunk' remark row,2
Brown hits back in Blair rift row,2
Tories 'would cut number of MPs',2
UK plan to deport terror suspects,2
Ministers deny care sums 'wrong',2
Blair stresses prosperity goals,2
Guantanamo man 'suing government',2
Council tax rise 'reasonable',2
Blunkett row should end - Blair,2
Minimum rate for foster parents,2
Royal couple watch nation's mood,2
Muslim police stops 'more likely',2
Howard attacks cost of asylum,2
Brown outlines third term vision,2
'Super union' merger plan touted,2
UK firms 'embracing e-commerce',2
UK heading wrong way - Howard,2
Kilroy launches 'Veritas' party,2
Blair 'damaged' by Blunkett row,2
MP's shock at long lost daughter,2
Green fear for transport ballot,2
New drink limit 'would cut toll',2
"CSA 'could close', says minister",2
Boothroyd calls for Lords speaker,2
Bid to cut court witness stress,2
"Lord Scarman, 93, dies peacefully",2
Tory leader urges Harry apology,2
NHS waiting time target is cut,2
Tories plan migrant health checks,2
MPs issued with Blackberry threat,2
Wales 'must learn health lessons',2
UKIP candidate suspended,2
End Bush 'denial' Blair tells EU,2
Brown to outline presidency goals,2
Brown shrugs off economy fears,2
UK troops on Ivory Coast standby,2
Blair told to double overseas aid,2
Peace demo appeal rejected,2
Retirement age could be scrapped,2
Jowell rejects 'Las Vegas' jibe,2
Ban on hunting comes into force,2
Blair says UK tsunami aid to soar,2
Straw attacked on China arms,2
Defiant hunts put ban to the test,2
EU fraud clampdown urged,2
Straw praises Kashmir moves,2
UK helps raped Rwandan women,2
Howard denies split over ID cards,2
EU referendum question unveiled,2
Malik rejects all-black MP lists,2
MP attacked by muggers in Kenya,2
Candidate resigns over BNP link,2
'Nuclear dumpsite' plan attacked,2
Labour accused of broken pledge,2
Labour trio 'had vote-rig factory',2
Blair returns from peace mission,2
Galloway plea for hostage release,2
Guantanamo four questioned,2
Minister defends hunting ban law,2
Clarke to unveil immigration plan,2
Mayor will not retract Nazi jibe,2
Pakistani women 'must not hide',2
Visa row mandarin made Sir John,2
Kilroy-Silk attacked with slurry,2
"Petrol duties frozen, Brown says",2
Howard unveils election platform,2
Lawyer attacks anti-terror laws,2
Turkey deal 'to help world peace',2
"Protect whistleblowers, TUC says",2
Kinnock to urge reform in Lords,2
McConnell details Scots wave toll,2
Police urge pub closure power,2
Blunkett tells of love and pain,2
Housing plans criticised by MPs,2
MPs' murder sentence concern,2
'No-one can define new hunt ban',2
Hospital suspends 'no Welsh' plan,2
Tories pledge free sports lessons,2
Faith schools citizenship warning,2
Ministers lose slopping out case,2
Escaped prisoner report ordered,2
Chancellor rallies Labour voters,2
Councils 'must find Gypsy sites',2
Plaid MP's cottage arson claim,2
Hatfield executives go on trial,2
Final hunts held as ban looms,2
Falconer rebuts 'charade' claims,2
"School sport 'is back', says PM",2
Anti-terror plan faces first test,2
Former NI minister Scott dies,2
Blair rejects Iraq advice calls,2
Police probe BNP mosque leaflet,2
Blair says mayor should apologise,2
Jowell confirms casino climbdown,2
Security papers 'found in street',2
Blair congratulates Bush on win,2
Howard 'truanted to play snooker',2
Short attacks US over tsunami aid,2
Guantanamo four free in weeks,2
Tories attack EU asylum moves,2
Cherie accused of attacking Bush,2
Tsunami 'won't divert Africa aid',2
Mandelson warning to BBC,2
Blair 'pressing US on climate',2
Police chief backs drinking move,2
Game warnings 'must be clearer',2
Mallon wades into NE vote battle,2
Howard rejects BNP's claim,2
Tories opposing 24-hour drinking,2
New foot and mouth action urged,2
Correction agency plans dropped,2
Tutu's Guantanamo release call,2
Blair's hope for Blunkett return,2
February poll claim 'speculation',2
Gurkhas to help tsunami victims,2
Abbas 'will not tolerate' attacks,2
Thousands join strike in Wales,2
Top judge clashes with ministers,2
Tory expert denies defeatism,2
Lib Dems target the student vote,2
Custody death rate 'shocks' MPs,2
New rules tackle 'sham weddings',2
Ministers 'naive' over phone-taps,2
Schools to take part in mock poll,2
Blair dismisses quit claim report,2
Jamieson issues warning to bigots,2
Clarke plans migrant point scheme,2
Clarke defends terror detentions,2
Voters 'reject EU by two to one',2
Kennedy questions trust of Blair,2
Terror detainees win Lords appeal,2
Blair to face MPs amid feud talk,2
Tories unveil quango blitz plans,2
Clarke faces ID cards rebellion,2
Labour pig poster 'anti-Semitic',2
Iraqis win death test case probe,2
Burglar defence guidelines issued,2
Woolf murder sentence rethink,2
Probe launched on Ken Nazi jibe,2
'Few ready' for information act,2
Blunkett unveils policing plans,2
Lib Dems' new election PR chief,2
Jack Cunningham to stand down,2
Kilroy unveils immigration policy,2
Regiments' group in poll move,2
Row over 'police' power for CSOs,2
Sport betting rules in spotlight,2
Councils prepare to set tax rises,2
Whitehall shredding increasing - Tories,2
MPs assess Scots fishing industry,2
Research fears over Kelly's views,2
Army chiefs in regiments decision,2
Student 'inequality' exposed,2
Kennedy to make temple address,2
David Blunkett in quotes,2
"No election TV debate, says Blair",2
What the election should really be about?,2
Brown and Blair face new rift claims,2
Blair 'said he would stand down',2
Blair dismisses quit claim report,2
Could rivalry overshadow election?,2
Brown in appeal for Labour unity,2
Blair pledges unity to Labour MPs,2
Blair and Brown criticised by MPs,2
Labour MPs' fears over squabbling,2
'Poll Idols' face first hurdles,2
Labour seeks to quell feud talk,2
Labour's election love-in,2
Howard taunts Blair over splits,2
How political squabbles snowball,2
Blair looks to election campaign,2
Tories unveil quango blitz plans,2
Peers debate Crown succession law,2
UKIP's secret weapon?,2
More reforms ahead says Milburn,2
Teens 'know little' of politics,2
Defection timed to hit tax pledge,2
Tory leader unveils spending plan,2
Kennedy looks to election gains,2
'Best person' for top legal job,2
The memory driving Brown's mission,2
Howard dismisses Tory tax fears,2
Donor attacks Blair-Brown 'feud',2
Howard and Blair tax pledge clash,2
What really divides the parties,2
Amnesty chief laments war failure,2
Blair sees greater Bush consensus,2
Kilroy-Silk quits 'shameful' UKIP,2
Blair blasts Tory spending plans,2
Lib Dems' 'bold' election policy,2
Kennedy's cautious optimism,2
Hague 'given up' his PM ambition,2
UKIP candidate suspended in probe,2
Boothroyd calls for Lords speaker,2
New UKIP defection to 'Veritas',2
Baron Kinnock makes Lords debut,2
Terror powers expose 'tyranny',2
'Super union' merger plan touted,2
UKIP MEP attacked German 'empire',2
Kilroy launches 'Veritas' party,2
Civil servants in strike ballot,2
Blair Labour's longest-serving PM,2
Tories leave door open for Archer,2
Mandelson warns BBC on Campbell,2
'Debate needed' on donations cap,2
Conservative backing for ID cards,2
Howard denies split over ID cards,2
Taxes must be trusted - Kennedy,2
Galloway targets 'New Labour' MP,2
Election deal faltered over Heath role,2
UKIP outspent Labour on EU poll,2
Labour battle plan 'hides Blair',2
Campbell returns to election team,2
Conservative MP defects to Labour,2
Tory 'stalking horse' Meyer dies,2
UK youth 'interested' in politics,2
MPs issued with Blackberry threat,2
Talks aim to avert pension strike,2
Stalemate in pension strike talks,2
Parties warned over 'grey vote',2
Blair to face trust issue head on,2
CSA chief who 'quit' still in job,2
Blair moves to woo Jewish voters,2
Parties' plans for council tax,2
Labour in constituency race row,2
MPs tout Lords replacement plan,2
Hague's six-figure earnings shown,2
Schools to take part in mock poll,2
Parties build up poll war chests,2
Kennedy predicts bigger turnout,2
Iraq advice claim sparks new row,2
UKIP could sue Veritas defectors,2
Prime minister's questions,2
Goldsmith denies war advice claim,2
Goldsmith: 'I was not leant on',2
Tory expert denies defeat warning,2
Manchester wins Labour conference,2
Labour attacked on Howard poster,2
Milburn defends poster campaign,2
Kilroy names election seat target,2
Immigration to be election issue,2
Kennedy begins pre-election tour,2
Labour's core support takes stock,2
Campaign 'cold calls' questioned,2
Lib Dems highlight problem debt,2
Lib Dems target first-time buyers,2
Lib Dems unveil women's manifesto,2
Kennedy questions trust of Blair,2
Brown outlines third term vision,2
Labour's Cunningham to stand down,2
Will Tory tax cuts lift spirits?,2
Teenagers to be allowed to be MPs,2
Labour's four little words,2
Tories outlining policing plans,2
TV debate urged for party chiefs,2
Chancellor rallies Labour voters,2
Brown 'proud of economy record',2
Fox attacks Blair's Tory 'lies',2
Blair joins school sailing trip,2
"Analysis: No pain, no gain?",2
Brown names 16 March for Budget,2
Lib Dems stress Budget trust gap,2
Blair backs 'pre-election budget',2
Cabinet anger at Brown cash raid,2
'UK will stand firm on EU rebate',2
Brown ally rejects Budget spree,2
Will the Budget bring out smiling voters?,2
Budget to set scene for election,2
Brown comes out shooting,2
Kennedy criticises 'unfair' taxes,2
Howard attacks 'pay later' Budget,2
Whitehall cuts 'ahead of target',2
Brown calls for £5.5bn Aids fund,2
"UK heading wrong way, says Howard",2
"Act on detention ruling, UK urged",2
BAA support ahead of court battle,2
UK 'discriminated against Roma',2
Howard pitches for UK ethnic vote,2
Observers to monitor UK election,2
UK rebate 'unjustified' - Chirac,2
"UK needs tax cuts, Tories insist",2
Brown targets OAPs and homebuyers,2
MPs demand 'Budget leak' answers,2
US casino 'tricks' face ban in UK,2
Blair defends terror law changes,2
Election 'could be terror target',2
Minimum wage increased to £5.05,2
Hunt ban support is 'in decline',2
At a glance: Tory health checks,2
Labour accused of 'EU propaganda',2
Terror suspects face house arrest,2
UK pledges £1bn to vaccine effort,2
Straw backs ending China embargo,2
Pre-poll clash on tax and spend,2
Plan to give elderly care control,2
EU rules 'won't stop UK spending',2
Child access law shake-up planned,2
'EU referendum could cost £80m',2
'No UK apology' for colonial past,2
Parliament's record of scandal,2
Economy focus for election battle,2
Blair ready to call election,2
Labour faces 'cold calls' inquiry,2
Blunkett hints at election call,2
Lib Dems predict 'best ever poll',2
Tories reject rethink on axed MP,2
Ex-PM Lord Callaghan dies aged 92,2
Blair prepares to name poll date,2
Brown's poll campaign move denied,2
Voters 'don't trust politicians',2
Tory candidate quits over remark,2
Abortion not a poll issue - Blair,2
Profile: Gordon Brown,2
Boateng to step down at election,2
Howard hits back at mongrel jibe,2
Tories urge 'change at the top',2
Sayeed to stand down as Tory MP,2
Howard's unfinished business,2
'Last chance' warning for voters,2
Sainsbury's Labour election gift,2
Blair 'up for it' ahead of poll,2
Labour MP praises Tory campaign,2
Top Tories on Lib Dem 'hit list',2
Lib Dems unveil election slogan,2
Claxton hunting first major medal,3
O'Sullivan could run in Worlds,3
Greene sets sights on world title,3
IAAF launches fight against drugs,3
"Dibaba breaks 5,000m world record",3
Isinbayeva claims new world best,3
O'Sullivan commits to Dublin race,3
Hansen 'delays return until 2006',3
Off-colour Gardener storms to win,3
Collins to compete in Birmingham,3
Radcliffe yet to answer GB call,3
Edwards tips Idowu for Euro gold,3
Kenya lift Chepkemei's suspension,3
McIlroy aiming for Madrid title,3
UK Athletics agrees new kit deal,3
Verdict delay for Greek sprinters,3
Call for Kenteris to be cleared,3
Merritt close to indoor 400m mark,3
London hope over Chepkemei,3
Edwards tips Idowu for Euro gold,3
Chepkemei hit by big ban,3
Holmes secures comeback victory,3
Greek pair attend drugs hearing,3
Chepkemei joins Edinburgh line-up,3
El Guerrouj targets cross country,3
Collins appeals against drugs ban,3
Holmes feted with further honour,3
Campbell to extend sprint career,3
Isinbayeva heads for Birmingham,3
2004: An Irish Athletics Year,3
Sprinter Walker quits athletics,3
Bekele sets sights on world mark,3
Greek sprinters suspended by IAAF,3
Athens memories soar above lows,3
Collins banned in landmark case,3
Jones doping probe begins,3
Johnson accuses British sprinters,3
Radcliffe proves doubters wrong,3
Jones medals 'must go if guilty',3
Radcliffe tackles marathon tasks,3
Gatlin and Hayes win Owen awards,3
Radcliffe enjoys winning comeback,3
Collins named UK Athletics chief,3
White admits to Balco drugs link,3
Trial date is set for Balco case,3
Radcliffe eyes hard line on drugs,3
Kenteris denies faking road crash,3
Greek pair set for hearing,3
Jones files Conte lawsuit,3
IAAF awaits Greek pair's response,3
IAAF to rule on Greek sprint pair,3
Holmes starts 2005 with GB events,3
Gebrselassie in London triple bid,3
Thanou bullish over drugs hearing,3
Holmes is hit by hamstring injury,3
Kluft impressed by Sotherton form,3
What now for Kelly Holmes?,3
Gardener battles to narrow win,3
European medal chances improve,3
McIlroy wins 800m indoor title,3
Johnson edges out rival Sotherton,3
Brizzel to run AAA's in Sheffield,3
Holmes urged to compete at Worlds,3
McIlroy continues winning streak,3
Radcliffe will compete in London,3
Britain boosted by Holmes double,3
Lewis-Francis eyeing world gold,3
GB select Holmes for double bid,3
Holmes back on form in Birmingham,3
Record fails to lift lacklustre meet,3
Tomlinson stays focused on Europe,3
Running around the Olympics,3
Johnson uncertain about Euro bid,3
Pavey focuses on indoor success,3
Gardener wins double in Glasgow,3
African double in Edinburgh,3
Yelling takes Cardiff hat-trick,3
Butler strikes gold in Spain,3
Wada will appeal against ruling,3
Greek sprinters 'won't run again',3
IAAF will contest Greek decision,3
Greek duo cleared in doping case,3
Johnson too strong for GB runners,3
Holmes starts 2005 with GB events,3
Tulu to appear at Caledonian run,3
Disappointed Scott in solid start,3
GB quartet get cross country call,3
Jones files lawsuit against Conte,3
Thanou desperate to make return,3
Relay squad thrilled with honours,3
Balco case trial date pushed back,3
Collins calls for Chambers return,3
Costin aims for comeback in 2006,3
Lewis-Francis turns to Christie,3
Man Utd stroll to Cup win,3
Van Nistelrooy set to return,3
Moyes U-turn on Beattie dismissal,3
Ronaldo considering new contract,3
Smith keen on Home series return,3
Mido makes third apology,3
Man City 0-2 Man Utd,3
Gerrard plays down European hopes,3
Duff ruled out of Barcelona clash,3
Chelsea clinch cup in extra-time,3
Newcastle 2-1 Bolton,3
Middlesbrough 2-2 Charlton,3
Dundee Utd 4-1 Aberdeen,3
Clyde 0-5 Celtic,3
Hearts 2-1 Livingston,3
Kenyon denies Robben Barca return,3
Bridge could miss rest of season,3
Parry firm over Gerrard,3
Wright-Phillips to start on right,3
Robben sidelined with broken foot,3
Giggs handed Wales leading role,3
Bosvelt optimistic over new deal,3
Sociedad set to rescue Mladenovic,3
Parry relishes Anfield challenge,3
Time to get tough on friendlies?,3
Barcelona title hopes hit by loss,3
Parry puts Gerrard 'above money',3
Bees handed potential Man Utd tie,3
England's defensive crisis grows,3
Ferdinand casts doubt over Glazer,3
Premier League planning Cole date,3
McCall earns Tannadice reprieve,3
Kewell waits as injury drags on,3
Smith aims to bring back respect,3
Injury doubts beset Wales squad,3
Weir poised for Sunderland move,3
Newry to fight cup exit in courts,3
Republic to face China and Italy,3
Finnan says Irish can win group,3
Irish finish with home game,3
Israeli club look to Africa,3
Iranian misses Israel match,3
Highbury tunnel players in clear,3
Bellamy under new fire,3
Chelsea denied by James heroics,3
Chelsea ridiculed over complaint,3
Benitez issues warning to Gerrard,3
Owen determined to stay in Madrid,3
Wenger handed summer war chest,3
Souness delight at Euro progress,3
Downing injury mars Uefa victory,3
Rangers seal Old Firm win,3
SFA awaits report over Mikoliunas,3
Palace threat over Cantona masks,3
Legendary Dutch boss Michels dies,3
Jol joy at 'professional' Cup win,3
Owen delighted with Real display,3
Ferguson fears Milan cutting edge,3
Rush future at Chester uncertain,3
Reyes tricked into Real admission,3
Benitez joy as Reds take control,3
Souness eyes summer move for Owen,3
Wenger dejected as Arsenal slump,3
Stam spices up Man Utd encounter,3
Mourinho defiant on Chelsea form,3
Hodgson relishes European clashes,3
Coach Ranieri sacked by Valencia,3
Cole faces lengthy injury lay-off,3
Arsenal through on penalties,3
Ajax refuse to rule out Jol move,3
Unclear future for striker Baros,3
Prutton poised for lengthy FA ban,3
Robben plays down European return,3
Adriano's Chelsea link rejected,3
FA decides not to punish Mourinho,3
Aragones angered by racism fine,3
Boro suffer Morrison injury blow,3
Mourinho receives Robson warning,3
QPR keeper Day heads for Preston,3
Cudicini misses Carling Cup final,3
Beattie return calms attack fears,3
Keegan hails comeback king Fowler,3
Thompson says Gerrard should stay,3
Cole refuses to blame van Persie,3
Blackburn v Burnley,3
Brentford v Southampton,3
Desailly backs Blues revenge trip,3
Desailly backs Blues revenge trip,3
Mourinho expects fight to finish,3
Cup holders Man Utd visit Everton,3
Candela completes Bolton switch,3
Stuart joins Norwich from Addicks,3
Celtic make late bid for Bellamy,3
Campbell lifts lid on United feud,3
Rovers reject third Ferguson bid,3
SA return to Mauritius,3
Tottenham bid &#163;8m for Forest duo,3
Redknapp's Saints face Pompey tie,3
Real in talks over Gravesen move,3
Klinsmann issues Lehmann warning,3
Juninho demand for O'Neill talks,3
Wenger signs new deal,3
FA probes crowd trouble,3
Edu describes tunnel fracas,3
Chelsea sack Mutu,3
Ferguson urges Henry punishment,3
Wenger offers Mutu hope,3
Santini resigns as Spurs manager,3
Mutu to hold talks with Juventus,3
Uefa approves fake grass,3
Yeading face Newcastle in FA Cup,3
Anelka 'eyes Man City departure',3
Arnesen denies rift with Santini,3
Souness backs Smith for Scotland,3
Gallas sees two-horse race,3
Tevez - an Argentine in Brazil,3
Edu blasts Arsenal,3
Can Smith work Scottish wonders?,3
Jansen suffers a further setback,3
Mansfield 0-1 Leyton Orient,3
Zambia confident and cautious,3
Reaction from Spanish press,3
Kerr frustrated at victory margin,3
Mourinho plots impressive course,3
Hearts of Oak 3-2 Cotonsport,3
Curbishley delight for Johansson,3
Lennon brands Rangers favourites,3
McClaren hails Boro's Uefa spirit,3
Benitez delight after crucial win,3
Bristol City 2-1 Milton Keynes,3
Hereford 1-1 Doncaster,3
Wolves appoint Hoddle as manager,3
Wenger keeping faith with Almunia,3
Houllier praises Benitez regime,3
McClaren targets Champions League,3
Hitzlsperger waiting on O'Leary,3
Mourinho to escape FA charge,3
Wolves appoint Hoddle as manager,3
Redknapp poised for Saints,3
FA charges Liverpool and Millwall,3
Wenger steps up row,3
Liverpool revel in night of glory,3
English clubs make Euro history,3
Ferguson puts faith in youngsters,3
Beckham relief as Real go through,3
Man Utd through after Exeter test,3
Hamm bows out for US,3
Wenger rules out new keeper,3
Liverpool pledge to keep Gerrard,3
Pearce keen on succeeding Keegan,3
Bomb threat at Bernabeu stadium,3
Chelsea hold Arsenal,3
Real will finish abandoned match,3
Poll explains free-kick decision,3
Solskjaer raises hopes of return,3
Dunne keen to commit to Man City,3
Bates seals takeover,3
Ferguson rues failure to cut gap,3
Old Firm pair handed suspensions,3
Anelka apologises for criticism,3
Ferguson rues failure to cut gap,3
Everton's Weir cools Euro hopes,3
Spain coach faces racism inquiry,3
Spain coach faces racism inquiry,3
Benitez deflects blame from Dudek,3
Bellamy fined after row,3
McClaren eyes Uefa Cup top spot,3
Spurs to sign Iceland U21 star,3
McLeish ready for criticism,3
O'Leary agrees new Villa contract,3
Gronkjaer agrees switch to Madrid,3
Benitez 'to launch Morientes bid',3
Robertson out to retain Euro lure,3
Campbell rescues Arsenal,3
Reds sink 10-man Magpies,3
Strachan turns down Pompey,3
Henry tipped for Fifa award,3
Newcastle to join Morientes race,3
Blues slam Blackburn over Savage,3
Gerrard happy at Anfield,3
Beckham rules out management move,3
Mexicans tracking unhappy Juninho,3
Celtic unhappy over Bulgaria date,3
Robben and Cole earn Chelsea win,3
Newcastle line up Babayaro,3
Mourinho takes swipe at Arsenal,3
Wenger shock at Newcastle dip,3
Ferguson hails Man Utd's resolve,3
TV calls after Carroll error,3
Hodgson shoulders England blame,3
Vickery out of Six Nations,3
Yachvili savours France comeback,3
Laporte tinkers with team,3
Lewsey puzzle over disallowed try,3
Fuming Robinson blasts officials,3
O'Gara revels in Ireland victory,3
Thomas out of Six Nations,3
Wales coach elated with win,3
Newcastle 27-27 Gloucester,3
London Irish 19-33 Wasps,3
Murray returns to Scotland fold,3
Fear will help France - Laporte,3
Davies favours Gloucester future,3
Ref stands by Scotland decisions,3
Robinson ready for difficult task,3
Bell set for England debut,3
O'Sullivan quick to hail Italians,3
Italy 17-28 Ireland,3
Jones happy with Henson heroics,3
Double injury blow strikes Wales,3
Kirwan demands Italy consistency,3
Fit-again Betsen in France squad,3
Wales critical of clumsy Grewcock,3
Henson stakes early Lions claim,3
Murphy: That was a bruising battle,3
Wales make two changes for France,3
Ireland surge past Scots,3
Wales win in Rome,3
White prepared for battle,3
O'Driscoll saves Irish blushes,3
Barkley fit for match in Ireland,3
Wales stars need a rest - Ruddock,3
Munster Cup tie switched to Spain,3
Williams says he will never quit,3
Pountney handed ban and fine,3
France v Wales (Sat),3
Woodward eyes Brennan for Lions,3
Scotland v Italy (Sat),3
Preview: Ireland v England (Sun),3
Leeds v Saracens (Fri),3
Worcester v Sale (Fri),3
Robinson answers critics,3
Sella wants Michalak recall,3
Umaga ready for Lions,3
"Umaga ready for ""fearsome"" Lions",3
Campese berates whingeing England,3
O'Driscoll/Gregan lead Aid stars,3
Harinordoquy suffers France axe,3
Parker misses England clash,3
Stevens named in England line-up,3
Bortolami predicts dour contest,3
Corry backs skipper Robinson,3
Prop Jones ready for hard graft,3
Moody joins up with England,3
Captains lining up for Aid match,3
Castaignede fires Laporte warning,3
Charvis set to lose fitness bid,3
Robinson out of Six Nations,3
England coach faces rap after row,3
Harinordoquy suffers France axe,3
Wilkinson return 'unlikely',3
England 'to launch ref protest',3
Moore questions captaincy,3
Owen set for skipper role,3
Italy aim to rattle England,3
Dal Maso in to replace Bergamasco,3
Teenager Tait picked for England,3
Wood - Ireland can win Grand Slam,3
Scots suffer another injury blow,3
O'Sullivan keeps his powder dry,3
Wales get Williams fitness boost,3
Dawson joins England injury list,3
Wales want rugby league training,3
Saint-Andre anger at absent stars,3
Ruddock backs Yapp's credentials,3
Player burn-out worries Robinson,3
Hodges announces rugby retirement,3
Funding cut hits Wales Students,3
Calder fears for Scottish rugby,3
A year to remember for Irish,3
Williams stays on despite dispute,3
Lomu relishing return to action,3
Johnson announces June retirement,3
A November to remember,3
South Africa sweep top awards,3
Robinson wants dual code success,3
All Black magic: New Zealand rugby,3
WRU proposes season overhaul,3
Wilkinson to lead England,3
Hong Kong in 2011 World Cup bid,3
Dallaglio his own man to the end,3
Wasps 31-37 Leicester,3
Ireland 17-12 South Africa,3
Ireland v USA (Sat),3
Ireland call up uncapped Campbell,3
Ireland 21-19 Argentina,3
England claim Dubai Sevens glory,3
Barbarians 19-47 New Zealand,3
Dawson wins England squad recall,3
Borders 19-20 Ulster,3
Lions blow to World Cup stars,3
Campbell to be Lions consultant,3
Lions blow to World Cup winners,3
Wilkinson fit to face Edinburgh,3
Dallaglio eyeing Lions tour place,3
Dawson set for new Wasps contract,3
Healey targets England comeback,3
Scrum-half Williams rejoins Bath,3
Bath faced with Tindall ultimatum,3
Tindall wants second opinion,3
Paris promise raises Welsh hopes,3
Wales silent on Grand Slam talk,3
Sculthorpe wants Lions captaincy,3
Tigers wary of Farrell 'gamble',3
Farrell saga to drag on - Lindsay,3
England given tough Sevens draw,3
Wales hails new superstar,3
Sydney to host north v south game,3
Celts savour Grand Slam prospect,3
Ireland win eclipses refereeing 'errors',3
Ireland 19-13 England,3
Fuming Robinson blasts officials,3
Scotland 18-10 Italy,3
Bortolami predicts dour contest,3
O'Connell rejects Lions rumours,3
Taylor poised for Scotland return,3
Vickery upbeat about arm injury,3
Dominici backs lacklustre France,3
Llewellyn plans Wales retirement,3
England 17-18 France,3
Wilkinson to miss Ireland match,3
Italy 8-38 Wales,3
D'Arcy injury adds to Ireland woe,3
O'Driscoll out of Scotland game,3
Tindall aiming to earn Lions spot,3
O'Connor aims to grab opportunity,3
Henman overcomes rival Rusedski,3
Safin slumps to shock Dubai loss,3
Ferrero eyes return to top form,3
Roddick into San Jose final,3
Federer claims Dubai crown,3
Young debut cut short by Ginepri,3
Melzer shocks Agassi,3
Federer forced to dig deep,3
Nadal marches on in Mexico,3
Hantuchova in Dubai last eight,3
Parmar ruled out of Davis Cup tie,3
Davenport hits out at Wimbledon,3
Dogged Federer claims Dubai crown,3
Henman hopes ended in Dubai,3
Mirza shocks Kuznetsova,3
Hantuchova in Dubai last eight,3
Murray to make Cup history,3
Davenport hits out at Wimbledon,3
Venus stunned by Farina Elia,3
Martinez sees off Vinci challenge,3
Serena becomes world number two,3
Hingis to make unexpected return,3
Clijsters set for February return,3
Hewitt falls to Dent,3
Angry Williams rejects criticism,3
Davenport dismantles young rival,3
Serena ends Sania Mirza's dream,3
Kuznetsova 'failed a drugs test',3
What now for British tennis?,3
Hewitt overcomes wobble in Sydney,3
Moya fights back for Indian title,3
Rochus shocks Coria in Auckland,3
Johansson takes Adelaide victory,3
Hingis hints at playing comeback,3
Slovakia seal Hopman Cup success,3
Dementieva prevails in Hong Kong,3
Injury sidelines Philippoussis,3
Hewitt falls to Dent in Adelaide,3
Federer breezes into semi-finals,3
Davenport puts retirement on hold,3
Rusedski angry over supplements,3
Navratilova hits out at critics,3
Prodigy Monfils blows away Gaudio,3
Connors boost for British tennis,3
Henin-Hardenne beaten on comeback,3
Moya clinches Cup for Spain,3
Capriati to miss Melbourne,3
Classy Henman makes winning start,3
Moya emotional after Davis Cup win,3
Moya emotional at Davis Cup win,3
Capriati out of Australian Open,3
Bryan twins keep US hopes alive,3
Faultless Federer has no equal,3
Mauresmo opens with victory in LA,3
Agassi fear for Melbourne,3
Henman to face Saulnier test,3
Moya suffers shock loss,3
Clijsters hope on Aussie Open,3
Clijsters could play Aussie Open,3
Edgy Agassi struggles past Dent,3
Roddick splits from coach Gilbert,3
Roddick in talks over new coach,3
Hewitt survives Nalbandian epic,3
Sydney return for Henin-Hardenne,3
Koubek suspended after drugs test,3
Hewitt fights back to reach final,3
Officials respond in court row,3
Williams battles to Aussie title,3
Safin cool on Wimbledon,3
Safin plays down Wimbledon hopes,3
Nadal puts Spain 2-0 up,3
Henman & Murray claim LTA awards,3
Connors' rallying cry for British tennis,3
Roche 'turns down Federer offer',3
Federer joins all-time greats,3
Philippoussis doubt over Open bid,3
Slovakia reach Hopman Cup final,3
Dent continues Adelaide progress,3
Moya sidesteps Davis Cup in 2005,3
Henman decides to quit Davis Cup,3
Ivanovic seals Canberra victory,3
Minister digs in over doping row,3
Safin relieved at Aussie recovery,3
Veteran Martinez wins Thai title,3
Soderling wins tense Milan final,3
Rusedski forced out in Marseille,3
Big guns ease through in San Jose,3
Almagro continues Spanish surge,3
Melzer shocks Agassi in San Jose,3
Mirza makes Indian tennis history,3
Roddick to face Saulnier in final,3
Ink helps drive democracy in Asia,4
China net cafe culture crackdown,4
Microsoft seeking spyware trojan,4
Digital guru floats sub-$100 PC,4
Technology gets the creative bug,4
Wi-fi web reaches farmers in Peru,4
Microsoft releases bumper patches,4
Virus poses as Christmas e-mail,4
Apple laptop is 'greatest gadget',4
Google's toolbar sparks concern,4
UK net users leading TV downloads,4
IBM puts cash behind Linux push,4
UK pioneers digital film network,4
EU software patent law faces axe,4
Xbox power cable 'fire fear',4
Global blogger action day called,4
Finding new homes for old phones,4
PlayStation 3 chip to be unveiled,4
Intel unveils laser breakthrough,4
Security scares spark browser fix,4
Britons fed up with net service,4
Sun offers processing by the hour,4
Lasers help bridge network gaps,4
Game firm holds 'cast' auditions,4
Sony PSP console hits US in March,4
Warnings about junk mail deluge,4
Warning over tsunami aid website,4
Piero gives rugby perspective,4
Open source leaders slam patents,4
Reboot ordered for EU patent law,4
Solutions to net security fears,4
Mobile networks seek turbo boost,4
Global digital divide 'narrowing',4
UK gets official virus alert site,4
Iran jails blogger for 14 years,4
Microsoft seeking spyware trojan,4
US woman sues over cartridges,4
Movie body hits peer-to-peer nets,4
Security warning over 'FBI virus',4
Apple iPod family expands market,4
T-Mobile bets on 'pocket office',4
Hotspot users gain free net calls,4
DVD copy protection strengthened,4
Apple attacked over sources row,4
Sony PSP tipped as a 'must-have',4
BBC leads interactive Bafta wins,4
Millions buy MP3 players in US,4
'No re-draft' for EU patent law,4
Domain system scam fear,4
Cheaper chip for mobiles,4
Blind student 'hears in colour',4
Xbox 2 may be unveiled in summer,4
Microsoft launches its own search,4
Moving mobile improves golf swing,4
Junk e-mails on relentless rise,4
Sporting rivals go to extra time,4
Half-Life 2 sweeps Bafta awards,4
BT boosts its broadband packages,4
Mobiles 'not media players yet',4
Microsoft releases patches,4
Concern over RFID tags,4
Ask Jeeves joins web log market,4
Digital guru floats sub-$100 PC,4
Looks and music to drive mobiles,4
Yahoo celebrates a decade online,4
Kenyan school turns to handhelds,4
Tough rules for ringtone sellers,4
Creator of first Apple Mac dies,4
'Friends fear' with lost mobiles,4
Telewest to challenge Sky Plus,4
Games enter the classroom,4
Gadget growth fuels eco concerns,4
'Evil twin' fear for wireless net,4
China 'to overtake US net use',4
US peer-to-peer pirates convicted,4
Google launches TV search service,4
Rich pickings for hi-tech thieves,4
Blog reading explodes in America,4
Software watching while you work,4
New delay hits EU software laws,4
Savvy searchers fail to spot ads,4
Games firms 'face tough future',4
Microsoft makes anti-piracy move,4
Nintendo handheld given Euro date,4
Smart search lets art fans browse,4
Warning over Windows Word files,4
Net regulation 'still possible',4
Voters flock to blog awards site,4
Latest Opera browser gets vocal,4
Web radio takes Spanish rap global,4
Movie body targets children's PCs,4
Norway upholds 'Napster' ruling,4
The future in your pocket,4
What high-definition will do to DVDs,4
Mobile games come of age,4
California sets fines for spyware,4
Web helps collect aid donations,4
Mobiles rack up 20 years of use,4
Blogs take on the mainstream,4
Honour for UK games maker,4
Bush website blocked outside US,4
Blogger grounded by her airline,4
Camera phones are 'must-haves',4
Games 'deserve a place in class',4
Nuclear body seeks new tech,4
Web logs aid disaster recovery,4
Pandas benefit from wireless net,4
Search wars hit desktop PCs,4
Home phones face unclear future,4
Podcasts mark rise of DIY radio,4
Sony wares win innovation award,4
Portable PlayStation ready to go,4
Viewers to be able to shape TV,4
Games maker fights for survival,4
Pompeii gets digital make-over,4
Fast moving phone bugs appear,4
Joke e-mail virus tricks users,4
Progress on new internet domains,4
Argonaut founder rebuilds empire,4
Dozens held over ID fraud site,4
Robots learn 'robotiquette' rules,4
Concerns over Windows ATMs,4
Attack prompts Bush site block,4
Loyalty cards idea for TV addicts,4
The Force is strong in Battlefront,4
'Ultimate game' award for Doom 3,4
Gadget show heralds MP3 season,4
Commodore finds new lease of life,4
Broadband in the UK growing fast,4
Slim PlayStation triples sales,4
Seamen sail into biometric future,4
US duo in first spam conviction,4
US blogger fired by her airline,4
Gates opens biggest gadget fair,4
GTA sequel is criminally good,4
BT offers free net phone calls,4
When invention turns to innovation,4
Firefox browser takes on Microsoft,4
Halo fans' hope for sequel,4
Players sought for $1m prize,4
US top of supercomputing charts,4
Text messages aid disaster recovery,4
Putting a face to 'Big Brother',4
Football Manager scores big time,4
Musicians 'upbeat' about the net,4
Broadband takes on TV viewing,4
Freeze on anti-spam campaign,4
ITunes user sues Apple over iPod,4
Microsoft gets the blogging bug,4
Broadband fuels online change,4
'Blog' picked as word of the year,4
New Year's texting breaks record,4
DS aims to touch gamers,4
No half measures with Half-Life 2,4
Games win for Blu-ray DVD format,4
File-swappers ready new network,4
Online games play with politics,4
Broadband challenges TV viewing,4
Freeze on anti-spam campaign,4
Halo 2 sells five million copies,4
When technology gets personal,4
Microsoft gets the blogging bug,4
Doors open at biggest gadget fair,4
Who do you think you are?,4
'Brainwave' cap controls computer,4
'Brainwave' cap controls computer,4
Europe backs digital TV lifestyle,4
A decade of good website design,4
2D Metal Slug offers retro fun,4
Casual gaming to 'take off',4
'Ultimate game' award for Doom 3,4
Gadget show heralds MP3 Christmas,4
Supercomputer breaks speed record,4
Gadgets galore on show at fair,4
Broadband in the UK growing fast,4
US duo in first spam conviction,4
Microsoft debuts security tools,4
Slimmer PlayStation triple sales,4
Seamen sail into biometric future,4
US blogger fired by her airline,4
Mobiles double up as bus tickets,4
Mobile gig aims to rock 3G,4
Consumers 'snub portable video',4
Learning to love broadband,4
Nintendo DS aims to touch gamers,4
China 'blocks Google news site',4
A question of trust and technology,4
Call for action on internet scam,4
Screensaver tackles spam websites,4
First look at PlayStation 3 chip,4
Online commons to spark debate,4
Mobile gaming takes off in India,4
Gadget market 'to grow in 2005',4
Swap offer for pirated Windows XP,4
Ban hits Half-Life 2 pirates hard,4
New browser wins over net surfers,4
Smartphones suffer Skulls attack,4
Musical future for phones,4
Multi-purpose TV aids India,4
Computer grid to help the world,4
How to make a gigapixel picture,4
Remote control rifle range debuts,4
Gangsters dominate gaming chart,4
British Library gets wireless net,4
UK broadband gets speed injection,4
Row brewing over peer-to-peer ads,4
How to smash a home computer,4
Mobile picture power in your pocket,4
Man auctions ad space on forehead,4
Toxic web links help virus spread,4
Millions to miss out on the net,4
Lifestyle 'governs mobile choice',4
Search sites get closer to users,4
Anti-spam screensaver scrapped,4
Europe backs digital TV lifestyle,4
TV future in the hands of viewers,4
Cyber criminals step up the pace,4
Gritty return for Prince of Persia,4
Disney backs Sony DVD technology,4
Britons growing 'digitally obese',4
Halo 2 heralds traffic explosion,4
Media gadgets get moving,4
Satellite mapping aids Darfur relief,4
Disney backs Sony DVD technology,4
Lifestyle 'governs mobile choice',4
Millions to miss out on the net,4
Spam e-mails tempt net shoppers,4
More power to the people says HP,4
Robotic pods take on car design,4
Hi-tech posters guide commuters,4
Parents face video game lessons,4
BBC web search aids odd queries,4
2D Metal Slug offers retro fun,4
Mobile multimedia slow to catch on,4
Internet boom for gift shopping,4
Google to scan famous libraries,4
Microsoft takes on desktop search,4
Gamers snap up new Sony PSP,4
Go-ahead for new internet names,4
Set your television to wow,4
Hollywood to sue net film pirates,4
PC ownership to 'double by 2010',4
PC photo printers challenge pros,4
The gaming world in 2005,4
Bond game fails to shake or stir,4
Humanoid robot learns how to run,4
Nintendo adds media playing to DS,4
Apple sues to stop product leaks,4
"Gamer buys $26,500 virtual land",4
Microsoft sets sights on spyware,4
Video phone help for deaf people,4
Virus poses as Christmas e-mail,4
Fast lifts rise into record books,4
Broadband in the UK gathers pace,4
Hollywood campaign hits websites,4
Poles play with GameBoy 'blip-pop',4
Santy worm makes unwelcome visit,4
EU software patent law delayed,4
Apple sues 'Tiger' file sharers,4
Apple unveils low-cost 'Mac mini',4
Speech takes on search engines,4
Broadband steams ahead in the US,4
Napster offers rented music to go,4
Broadband soars in 2004,4
Half of UK's mobiles 'go online',4
Blinx sequel purrs nicely,4
The year search became personal,4
IBM frees 500 software patents,4
Yahoo moves into desktop search,4
Rings of steel combat net attacks,4
US hacker breaks into T-Mobile,4
Windows worm travels with Tetris,4
US state acts to stop 'spammers',4
World tour for top video gamers,4
Souped-up wi-fi is on the horizon,4
EA to take on film and TV giants,4
Tech helps disabled speed demons,4
Web photo storage market hots up,4
Speak easy plan for media players,4
Cable offers video-on-demand,4
Cyber crime booms in 2004,4
Dublin hi-tech labs to shut down,4
Games help you 'learn and play',4
Hacker threat to Apple's iTunes,4
Format wars could 'confuse users',4
Peer-to-peer nets 'here to stay',4
Text message record smashed,4
Big war games battle it out,4
Mobiles rack up 20 years of use,4
Fast moving phone viruses appear,4
Doors open at biggest gadget fair,4
Microsoft debuts security tools,4
File-swappers ready new network,4
Games win for Blu-ray DVD format,4
More power to the people says HP,4
Gadget market 'to grow in 2005',4
Apple unveils low-cost 'Mac mini',4
Napster offers rented music to go,4
Rings of steel combat net attacks,4
Apple Mac mini gets warm welcome,4
Rivals of the £400 Apple...,4
Speak easy plan for media players,4
US peer-to-peer pirates convicted,4
Format wars could 'confuse users',4
Mobiles get set for visual radio,4
Gamers could drive high-definition,4
How to make a greener computer,4
Microsoft makes anti-piracy move,4
What's next for next-gen consoles?,4
Latest Opera browser gets vocal,4
Mobile games come of age,4
Web radio takes Spanish rap global,4
What high-definition will do to DVDs,4
Junk e-mails on relentless rise,4
Warning over tsunami aid website,4
More women turn to net security,4
Sony PSP console hits US in March,4
Ask Jeeves joins web log market,4
Why Cell will get the hard sell,4
PlayStation 3 processor unveiled,4
Consumer concern over RFID tags,4
Mobiles 'not media players yet',4
Blind student 'hears in colour',4
Apple attacked over sources row,4
Mobile audio enters new dimension,4
DVD copy protection strengthened,4
Millions buy MP3 players in US,4
Britons fed up with net service,4
Intel unveils laser breakthrough,4
EU software patent law faces axe,4
IBM puts cash behind Linux push,4
Apple iPod family expands market,4
US woman sues over ink cartridges,4
Security warning over 'FBI virus',4
Mobile networks seek turbo boost,4
Mac Mini heralds mini revolution,4
Can Yahoo dominate next decade?,4
Looks and music to drive mobiles,4
Hotspot users gain free net calls,4
Domain system opens door to scams,4
Sony PSP tipped as a 'must-have',4
'No re-draft' for EU patent law,4
Ultra fast wi-fi nears completion,4
Virgin Radio offers 3G broadcast,4
More movies head to Sony's PSP,4
Warnings on woeful wi-fi security,4
Cebit opens to mobile music tune,4
Game makers get Xbox 2 sneak peek,4
Broadband set to revolutionise TV,4
Chip maker backs net phone calls,4
Nintendo DS makes its Euro debut,4
Slow start to speedy net services,4
Anti-tremor mouse stops PC shakes,4
The pirates with no profit motive,4
Apple makes blogs reveal sources,4
Hitachi unveils 'fastest robot',4
Have hackers recruited your PC?,4
What price for 'trusted PC security'?,4
Gizmondo gadget hits the shelves,4
Confusion over high-definition TV,4
Digital UK driven by net and TV,4
Bad e-mail habits sustains spam,4
Sony PSP handheld console hits US,4
'Podcasters' look to net money,4
Local net TV takes off in Austria,4
Rolling out next generation's net,4
Long life promised for laptop PCs,4
Net fingerprints combat attacks,4
Microsoft plans 'safer ID' system,4
Court mulls file-sharing future,4
France starts digital terrestrial,4
Text message record smashed again,4
Software watching while you work,4
Commodore finds new lease of life,4
Cabs collect mountain of mobiles,4
T-Mobile bets on 'pocket office',4
California sets fines for spyware,4
Mobile TV tipped as one to watch,4
Apple laptop is 'greatest gadget',4
Sun offers processing by the hour,4
Kenyan school turns to handhelds,4
Tough rules for ringtone sellers,4
Mobile music challenges 'iPod age',4
China 'ripe' for media explosion,4
Beckham virus spotted on the net,4
Video phones act as dating tools,4
Progress on new internet domains,4
Camera phones are 'must-haves',4
Mobile multimedia slow to catch on,4
Anti-spam laws bite spammer hard,4
Peer-to-peer nets 'here to stay',4
Broadband fuels online expression,4
Savvy searchers fail to spot ads,4
TV's future down the phone line,4
Cebit fever takes over Hanover,4
New consoles promise big problems,4
BT program to beat dialler scams,4
Spam e-mails tempt net shoppers,4
Be careful how you code,4
US cyber security chief resigns,4
Losing yourself in online gaming,4
